﻿Date,PA_Num,cycle_id,event,time_tw,watch_start_tw,lag_start_tw,resume_tw,lag_ms,e2e_recover_ms,e2e_recover_time,lag_end_tw,lag_mode,player_ct_sec,player_du_sec,behind_ms_at_start,resume_ct_sec,resume_du_sec,behind_ms_at_resume,gps_type,start_lat,start_lon,end_lat,end_lon,end_action,accuracy_m,video_id,source,lag_threshold_ms,catch_threshold_ms,rearm_threshold_ms,sample_interval_ms,catchup_cooldown_ms,catchup_debounce_ms,safety_ms,max_allowed_behind_ms,note,start_H3_Res_8,start_H3_Res_9,start_H3_Res_10,start_H3_Res_11,end_H3_Res_8,end_H3_Res_9,end_H3_Res_10,end_H3_Res_11,measurement_Type,measurement_Path,measurement_NetWork,measurement_Script,start_location_name,end_location_name,start_location_KM+M,end_location_KM+M,twcounty,Marea,Mcenter
2026/01/27,1,11,lag_event,2026/1/27 10:26:43,2026/1/27 10:16:23,2026/1/27 10:25:59,2026/1/27 10:26:43,44255,,2026/1/27 10:26:43,2026/1/27 10:26:43,buffering,20258478,40469826,2.02E+10,20258478.09,40469826.48,20211348392,getCurrentPosition,25.05333,121.6067,25.05333,121.6067,,899.999,KyT4qSK8lJo,https://www.youtube.com/live/KyT4qSK8lJo?si=GudVcyxFxRcNfcqd,5000,4500,1500,3000,15000,2000,1500,7000,lagMode=buffering; reason=buffering_to_playing; gpsType=lastGeo,884ba0a49bfffff,894ba0a49b7ffff,8a4ba0a49b5ffff,8b4ba0a49b5cfff,884ba0a49bfffff,894ba0a49b7ffff,8a4ba0a49b5ffff,8b4ba0a49b5cfff,高鐵,南下,5G,YoutubeLive,1( 高鐵南港站)*,1( 高鐵南港站)*,-3,-3,臺北市,行動北區營運處,台北營運中心
2026/01/27,2,12,lag_event,2026/1/27 10:34:50,2026/1/27 10:16:23,2026/1/27 10:34:38,2026/1/27 10:34:50,12202,,2026/1/27 10:34:50,2026/1/27 10:34:50,buffering,20258493,40469826,2.02E+10,20258492.96,40469826.48,20211333523,getCurrentPosition,25.00476,121.424,25.00476,121.424,,1200,KyT4qSK8lJo,https://www.youtube.com/live/KyT4qSK8lJo?si=GudVcyxFxRcNfcqd,5000,4500,1500,3000,15000,2000,1500,7000,lagMode=buffering; reason=buffering_to_playing; gpsType=lastGeo; e2e=8959ms; e2eTime=2026-01-30T14:09:58.457+08:00; e2eReason=post_catchup_resume,884ba0a08bfffff,894ba0a08a3ffff,8a4ba0a08a37fff,8b4ba0a08a35fff,884ba0a08bfffff,894ba0a08a3ffff,8a4ba0a08a37fff,8b4ba0a08a35fff,高鐵,南下,5G,YoutubeLive,11,11,17+700.0,17+700.0,新北市,行動北區營運處,新北營運中心
2026/01/27,3,17,lag_event,2026/1/27 10:43:44,2026/1/27 10:16:23,2026/1/27 10:43:36,2026/1/27 10:43:44,7427,,2026/1/27 10:43:44,2026/1/27 10:43:44,buffering,20258537,40469826,2.02E+10,20258536.72,40469826.48,20211289767,lastGeo,25.00564,121.4097,25.00564,121.4097,,658.311,KyT4qSK8lJo,https://www.youtube.com/live/KyT4qSK8lJo?si=GudVcyxFxRcNfcqd,5000,4500,1500,3000,15000,2000,1500,7000,lagMode=buffering; reason=buffering_to_playing; gpsType=lastGeo; e2e=16811ms; e2eTime=2026-01-30T14:10:49.643+08:00; e2eReason=post_catchup_resume,884ba0a0c7fffff,894ba0a0c67ffff,8a4ba0a0c677fff,8b4ba0a0c672fff,884ba0a0c7fffff,894ba0a0c67ffff,8a4ba0a0c677fff,8b4ba0a0c672fff,高鐵,南下,5G,YoutubeLive,12(迴龍隧道)**,12(迴龍隧道)**,19+200.0,19+200.0,新北市,行動北區營運處,新北營運中心
2026/01/27,4,22,lag_event,2026/1/27 10:44:10,2026/1/27 10:16:23,2026/1/27 10:43:52,2026/1/27 10:44:10,17794,,2026/1/27 10:44:10,2026/1/27 10:44:10,buffering,20258537,40469826,2.02E+10,20258536.72,40469826.48,20211289767,lastGeo,25.0118,121.389,25.0118,121.389,,4.442,KyT4qSK8lJo,https://www.youtube.com/live/KyT4qSK8lJo?si=GudVcyxFxRcNfcqd,5000,4500,1500,3000,15000,2000,1500,7000,lagMode=buffering; reason=buffering_to_playing; gpsType=lastGeo,884ba0a01bfffff,894ba0a01afffff,8a4ba0a01ae7fff,8b4ba0a01ae4fff,884ba0a01bfffff,894ba0a01afffff,8a4ba0a01ae7fff,8b4ba0a01ae4fff,高鐵,南下,5G,YoutubeLive,13,13,21+400.0,21+400.0,桃園市,行動北區營運處,桃園營運中心
2026/01/27,5,27,lag_event,2026/1/27 10:45:21,2026/1/27 10:16:23,2026/1/27 10:45:16,2026/1/27 10:45:21,5568,,2026/1/27 10:45:21,2026/1/27 10:45:21,buffering,20258537,40469826,2.02E+10,20258536.72,40469826.48,20211289767,lastGeo,25.01187,121.3894,25.01187,121.3894,,300,KyT4qSK8lJo,https://www.youtube.com/live/KyT4qSK8lJo?si=GudVcyxFxRcNfcqd,5000,4500,1500,3000,15000,2000,1500,7000,lagMode=buffering; reason=buffering_to_playing; gpsType=lastGeo; e2e=8959ms; e2eTime=2026-01-30T14:09:58.457+08:00; e3eReason=post_catchup_resume,884ba0a01bfffff,894ba0a01afffff,8a4ba0a01ae7fff,8b4ba0a01ae5fff,884ba0a01bfffff,894ba0a01afffff,8a4ba0a01ae7fff,8b4ba0a01ae5fff,高鐵,南下,5G,YoutubeLive,13,13,21+300.0,21+300.0,桃園市,行動北區營運處,桃園營運中心
2026/01/27,6,32,lag_event,2026/1/27 10:45:43,2026/1/27 10:16:23,2026/1/27 10:45:38,2026/1/27 10:45:43,5040,,2026/1/27 10:45:43,2026/1/27 10:45:43,buffering,20258537,40469826,2.02E+10,20258536.72,40469826.48,20211289767,lastGeo,25.01187,121.3894,25.01187,121.3894,,300,KyT4qSK8lJo,https://www.youtube.com/live/KyT4qSK8lJo?si=GudVcyxFxRcNfcqd,5000,4500,1500,3000,15000,2000,1500,7000,lagMode=buffering; reason=buffering_to_playing; gpsType=lastGeo; e2e=16811ms; e2eTime=2026-01-30T14:10:49.643+08:00; e3eReason=post_catchup_resume,884ba0a01bfffff,894ba0a01afffff,8a4ba0a01ae7fff,8b4ba0a01ae5fff,884ba0a01bfffff,894ba0a01afffff,8a4ba0a01ae7fff,8b4ba0a01ae5fff,高鐵,南下,5G,YoutubeLive,13,13,21+300.0,21+300.0,桃園市,行動北區營運處,桃園營運中心
2026/01/27,7,37,lag_event,2026/1/27 10:49:20,2026/1/27 10:16:23,2026/1/27 10:49:07,2026/1/27 10:49:20,12798,,2026/1/27 10:49:20,2026/1/27 10:49:20,buffering,20258537,40469826,2.02E+10,20258536.72,40469826.48,20211289767,lastGeo,25.01539,121.2172,25.01539,121.2172,,1054.849,KyT4qSK8lJo,https://www.youtube.com/live/KyT4qSK8lJo?si=GudVcyxFxRcNfcqd,5000,4500,1500,3000,15000,2000,1500,7000,lagMode=buffering; reason=buffering_to_playing; gpsType=lastGeo,884ba0bacdfffff,894ba0bac53ffff,8a4ba0bac527fff,8b4ba0bac521fff,884ba0bacdfffff,894ba0bac53ffff,8a4ba0bac527fff,8b4ba0bac521fff,高鐵,南下,5G,YoutubeLive,23(高鐵桃園站隧道)**,23(高鐵桃園站隧道)**,41+900.0,41+900.0,桃園市,行動北區營運處,桃園營運中心
2026/01/27,8,42,lag_event,2026/1/27 10:49:33,2026/1/27 10:16:23,2026/1/27 10:49:20,2026/1/27 10:49:33,12992,,2026/1/27 10:49:33,2026/1/27 10:49:33,buffering,20258537,40469826,2.02E+10,20258536.72,40469826.48,20211289767,lastGeo,25.01673,121.2174,25.01673,121.2174,,1299.999,KyT4qSK8lJo,https://www.youtube.com/live/KyT4qSK8lJo?si=GudVcyxFxRcNfcqd,5000,4500,1500,3000,15000,2000,1500,7000,lagMode=buffering; reason=buffering_to_playing; gpsType=lastGeo; e2e=8959ms; e2eTime=2026-01-30T14:09:58.457+08:00; e4eReason=post_catchup_resume,884ba0bacdfffff,894ba0baccfffff,8a4ba0baccf7fff,8b4ba0baccf3fff,884ba0bacdfffff,894ba0baccfffff,8a4ba0baccf7fff,8b4ba0baccf3fff,高鐵,南下,5G,YoutubeLive,23(高鐵桃園站隧道)**,23(高鐵桃園站隧道)**,41+800.0,41+800.0,桃園市,行動北區營運處,桃園營運中心
2026/01/27,9,47,lag_event,2026/1/27 10:51:27,2026/1/27 10:16:23,2026/1/27 10:51:20,2026/1/27 10:51:27,6900,,2026/1/27 10:51:27,2026/1/27 10:51:27,buffering,20258537,40469826,2.02E+10,20258536.72,40469826.48,20211289767,lastGeo,24.9494,121.1359,24.9494,121.1359,,9.309,KyT4qSK8lJo,https://www.youtube.com/live/KyT4qSK8lJo?si=GudVcyxFxRcNfcqd,5000,4500,1500,3000,15000,2000,1500,7000,lagMode=buffering; reason=buffering_to_playing; gpsType=lastGeo; e2e=16811ms; e2eTime=2026-01-30T14:10:49.643+08:00; e4eReason=post_catchup_resume,884ba0bb2bfffff,894ba0bb287ffff,8a4ba0bb284ffff,8b4ba0bb284dfff,884ba0bb2bfffff,894ba0bb287ffff,8a4ba0bb284ffff,8b4ba0bb284dfff,高鐵,南下,5G,YoutubeLive,29,29,53+100.0,53+100.0,桃園市,行動北區營運處,桃園營運中心
2026/01/27,10,52,lag_event,2026/1/27 10:56:40,2026/1/27 10:16:23,2026/1/27 10:56:31,2026/1/27 10:56:40,9301,,2026/1/27 10:56:40,2026/1/27 10:56:40,buffering,20258537,40469826,2.02E+10,20258536.72,40469826.48,20211289767,lastGeo,24.75842,121.0257,24.75842,121.0257,,3.943,KyT4qSK8lJo,https://www.youtube.com/live/KyT4qSK8lJo?si=GudVcyxFxRcNfcqd,5000,4500,1500,3000,15000,2000,1500,7000,lagMode=buffering; reason=buffering_to_playing; gpsType=lastGeo,884ba011dbfffff,894ba011db3ffff,8a4ba011db0ffff,8b4ba011db0efff,884ba011dbfffff,894ba011db3ffff,8a4ba011db0ffff,8b4ba011db0efff,高鐵,南下,5G,YoutubeLive,41(高鐵新竹二高隧道)**,41(高鐵新竹二高隧道)**,77+900.0,77+900.0,新竹縣,行動北區營運處,新竹營運中心
2026/01/27,11,57,lag_event,2026/1/27 10:57:02,2026/1/27 10:16:23,2026/1/27 10:56:52,2026/1/27 10:57:02,10089,,2026/1/27 10:57:02,2026/1/27 10:57:02,buffering,20258537,40469826,2.02E+10,20258536.72,40469826.48,20211289767,lastGeo,24.74651,121.0153,24.74651,121.0153,,3.79,KyT4qSK8lJo,https://www.youtube.com/live/KyT4qSK8lJo?si=GudVcyxFxRcNfcqd,5000,4500,1500,3000,15000,2000,1500,7000,lagMode=buffering; reason=buffering_to_playing; gpsType=lastGeo; e2e=8959ms; e2eTime=2026-01-30T14:09:58.457+08:00; e5eReason=post_catchup_resume,884ba011d5fffff,894ba011d53ffff,8a4ba011d52ffff,8b4ba011d52bfff,884ba011d5fffff,894ba011d53ffff,8a4ba011d52ffff,8b4ba011d52bfff,高鐵,南下,5G,YoutubeLive,42,42,79+600.0,79+600.0,新竹縣,行動北區營運處,新竹營運中心
2026/01/27,12,62,lag_event,2026/1/27 10:57:09,2026/1/27 10:16:23,2026/1/27 10:57:02,2026/1/27 10:57:09,6507,,2026/1/27 10:57:09,2026/1/27 10:57:09,buffering,20258537,40469826,2.02E+10,20258536.72,40469826.48,20211289767,lastGeo,24.74326,121.0112,24.74326,121.0112,,4.022,KyT4qSK8lJo,https://www.youtube.com/live/KyT4qSK8lJo?si=GudVcyxFxRcNfcqd,5000,4500,1500,3000,15000,2000,1500,7000,lagMode=buffering; reason=buffering_to_playing; gpsType=lastGeo; e2e=16811ms; e2eTime=2026-01-30T14:10:49.643+08:00; e5eReason=post_catchup_resume,884ba011c3fffff,894ba011c27ffff,8a4ba011c2effff,8b4ba011c25afff,884ba011c3fffff,894ba011c27ffff,8a4ba011c2effff,8b4ba011c25afff,高鐵,南下,5G,YoutubeLive,42,42,80+200.0,80+200.0,新竹縣,行動北區營運處,新竹營運中心
2026/01/27,13,67,lag_event,2026/1/27 10:57:14,2026/1/27 10:16:23,2026/1/27 10:57:09,2026/1/27 10:57:14,5428,,2026/1/27 10:57:14,2026/1/27 10:57:14,buffering,20258537,40469826,2.02E+10,20258536.72,40469826.48,20211289767,lastGeo,24.74114,121.0081,24.74114,121.0081,,3.79,KyT4qSK8lJo,https://www.youtube.com/live/KyT4qSK8lJo?si=GudVcyxFxRcNfcqd,5000,4500,1500,3000,15000,2000,1500,7000,lagMode=buffering; reason=buffering_to_playing; gpsType=lastGeo,884ba011c3fffff,894ba011c2bffff,8a4ba011c28ffff,8b4ba011c289fff,884ba011c3fffff,894ba011c2bffff,8a4ba011c28ffff,8b4ba011c289fff,高鐵,南下,5G,YoutubeLive,42,42,80+500.0,80+500.0,新竹縣,行動北區營運處,新竹營運中心
2026/01/27,14,72,lag_event,2026/1/27 10:58:03,2026/1/27 10:16:23,2026/1/27 10:57:51,2026/1/27 10:58:03,12218,,2026/1/27 10:58:03,2026/1/27 10:58:03,buffering,20258537,40469826,2.02E+10,20258536.72,40469826.48,20211289767,lastGeo,24.72266,120.9756,24.72266,120.9756,,9.935,KyT4qSK8lJo,https://www.youtube.com/live/KyT4qSK8lJo?si=GudVcyxFxRcNfcqd,5000,4500,1500,3000,15000,2000,1500,7000,lagMode=buffering; reason=buffering_to_playing; gpsType=lastGeo; e2e=8959ms; e2eTime=2026-01-30T14:09:58.457+08:00; e6eReason=post_catchup_resume,884ba0113bfffff,894ba0113afffff,8a4ba0113af7fff,8b4ba0113af3fff,884ba0113bfffff,894ba0113afffff,8a4ba0113af7fff,8b4ba0113af3fff,高鐵,南下,5G,YoutubeLive,44(寶山三號隧道)**,44(寶山三號隧道)**,84+400.0,84+400.0,新竹縣,行動北區營運處,新竹營運中心
2026/01/27,15,77,lag_event,2026/1/27 10:59:41,2026/1/27 10:16:23,2026/1/27 10:59:32,2026/1/27 10:59:41,9289,,2026/1/27 10:59:41,2026/1/27 10:59:41,buffering,20258537,40469826,2.02E+10,20258536.72,40469826.48,20211289767,lastGeo,24.67308,120.9245,24.67308,120.9245,,3.855,KyT4qSK8lJo,https://www.youtube.com/live/KyT4qSK8lJo?si=GudVcyxFxRcNfcqd,5000,4500,1500,3000,15000,2000,1500,7000,lagMode=buffering; reason=buffering_to_playing; gpsType=lastGeo; e2e=16811ms; e2eTime=2026-01-30T14:10:49.643+08:00; e6eReason=post_catchup_resume,884ba01a3dfffff,894ba01a3c3ffff,8a4ba01a3c0ffff,8b4ba01a3c08fff,884ba01a3dfffff,894ba01a3c3ffff,8a4ba01a3c0ffff,8b4ba01a3c08fff,高鐵,南下,5G,YoutubeLive,48(頭份一號隧道)**,48(頭份一號隧道)**,92+100.0,92+100.0,苗栗縣,行動中區營運處,苗栗營運中心
2026/01/27,16,82,lag_event,2026/1/27 10:59:50,2026/1/27 10:16:23,2026/1/27 10:59:41,2026/1/27 10:59:50,8351,,2026/1/27 10:59:50,2026/1/27 10:59:50,buffering,20258537,40469826,2.02E+10,20258536.72,40469826.48,20211289767,lastGeo,24.67308,120.9245,24.67308,120.9245,,620.672,KyT4qSK8lJo,https://www.youtube.com/live/KyT4qSK8lJo?si=GudVcyxFxRcNfcqd,5000,4500,1500,3000,15000,2000,1500,7000,lagMode=buffering; reason=buffering_to_playing; gpsType=lastGeo,884ba01a3dfffff,894ba01a3c3ffff,8a4ba01a3c0ffff,8b4ba01a3c08fff,884ba01a3dfffff,894ba01a3c3ffff,8a4ba01a3c0ffff,8b4ba01a3c08fff,高鐵,南下,5G,YoutubeLive,48(頭份一號隧道)**,48(頭份一號隧道)**,92+100.0,92+100.0,苗栗縣,行動中區營運處,苗栗營運中心
2026/01/27,17,87,lag_event,2026/1/27 11:01:50,2026/1/27 10:16:23,2026/1/27 11:01:44,2026/1/27 11:01:50,6373,,2026/1/27 11:01:50,2026/1/27 11:01:50,buffering,20258537,40469826,2.02E+10,20258536.72,40469826.48,20211289767,lastGeo,24.62039,120.859,24.62039,120.859,,3.878,KyT4qSK8lJo,https://www.youtube.com/live/KyT4qSK8lJo?si=GudVcyxFxRcNfcqd,5000,4500,1500,3000,15000,2000,1500,7000,lagMode=buffering; reason=buffering_to_playing; gpsType=lastGeo; e2e=8959ms; e2eTime=2026-01-30T14:09:58.457+08:00; e7eReason=post_catchup_resume,884ba01b2dfffff,894ba01b2dbffff,8a4ba01b2db7fff,8b4ba01b2db0fff,884ba01b2dfffff,894ba01b2dbffff,8a4ba01b2db7fff,8b4ba01b2db0fff,高鐵,南下,5G,YoutubeLive,53,53,101+100.0,101+100.0,苗栗縣,行動中區營運處,苗栗營運中心
2026/01/27,18,92,lag_event,2026/1/27 11:31:49,2026/1/27 10:16:23,2026/1/27 11:31:42,2026/1/27 11:31:49,6632,,2026/1/27 11:31:49,2026/1/27 11:31:49,buffering,20258537,40469826,2.02E+10,20258536.72,40469826.48,20211289767,lastGeo,23.83162,120.458,23.83162,120.458,,9.935,KyT4qSK8lJo,https://www.youtube.com/live/KyT4qSK8lJo?si=GudVcyxFxRcNfcqd,5000,4500,1500,3000,15000,2000,1500,7000,lagMode=buffering; reason=buffering_to_playing; gpsType=lastGeo; e2e=16811ms; e2eTime=2026-01-30T14:10:49.643+08:00; e7eReason=post_catchup_resume,884ba2c65bfffff,894ba2c65a3ffff,8a4ba2c65a27fff,8b4ba2c65a2efff,884ba2c65bfffff,894ba2c65a3ffff,8a4ba2c65a27fff,8b4ba2c65a2efff,高鐵,南下,5G,YoutubeLive,105,105,206+800.0,206+800.0,彰化縣,行動中區營運處,彰化營運中心
2026/01/27,19,97,lag_event,2026/1/27 11:43:52,2026/1/27 10:16:23,2026/1/27 11:43:47,2026/1/27 11:43:52,5029,,2026/1/27 11:43:52,2026/1/27 11:43:52,buffering,20258537,40469826,2.02E+10,20258536.72,40469826.48,20211289767,lastGeo,23.35195,120.3294,23.35195,120.3294,,9.935,KyT4qSK8lJo,https://www.youtube.com/live/KyT4qSK8lJo?si=GudVcyxFxRcNfcqd,5000,4500,1500,3000,15000,2000,1500,7000,lagMode=buffering; reason=buffering_to_playing; gpsType=lastGeo,884ba25853fffff,894ba258527ffff,8a4ba258525ffff,8b4ba258525efff,884ba25853fffff,894ba258527ffff,8a4ba258525ffff,8b4ba258525efff,高鐵,南下,5G,YoutubeLive,134,134,263+600.0,263+600.0,臺南市,行動南區營運處,台南營運中心
2026/01/27,20,102,lag_event,2026/1/27 11:44:56,2026/1/27 10:16:23,2026/1/27 11:44:47,2026/1/27 11:44:56,8496,,2026/1/27 11:44:56,2026/1/27 11:44:56,buffering,20258537,40469826,2.02E+10,20258536.72,40469826.48,20211289767,lastGeo,23.3096,120.3405,23.3096,120.3405,,9.935,KyT4qSK8lJo,https://www.youtube.com/live/KyT4qSK8lJo?si=GudVcyxFxRcNfcqd,5000,4500,1500,3000,15000,2000,1500,7000,lagMode=buffering; reason=buffering_to_playing; gpsType=lastGeo; e2e=8959ms; e2eTime=2026-01-30T14:09:58.457+08:00; e8eReason=post_catchup_resume,884ba259d9fffff,894ba259dbbffff,8a4ba259dbb7fff,8b4ba259dbb6fff,884ba259d9fffff,894ba259dbbffff,8a4ba259dbb7fff,8b4ba259dbb6fff,高鐵,南下,5G,YoutubeLive,136,136,268+400.0,268+400.0,臺南市,行動南區營運處,台南營運中心
2026/01/27,21,107,lag_event,2026/1/27 11:50:19,2026/1/27 10:16:23,2026/1/27 11:50:14,2026/1/27 11:50:19,5031,,2026/1/27 11:50:19,2026/1/27 11:50:19,buffering,20258537,40469826,2.02E+10,20258536.72,40469826.48,20211289767,lastGeo,23.10111,120.2848,23.10111,120.2848,,12.734,KyT4qSK8lJo,https://www.youtube.com/live/KyT4qSK8lJo?si=GudVcyxFxRcNfcqd,5000,4500,1500,3000,15000,2000,1500,7000,lagMode=buffering; reason=buffering_to_playing; gpsType=lastGeo; e2e=16811ms; e2eTime=2026-01-30T14:10:49.643+08:00; e8eReason=post_catchup_resume,884bb18745fffff,894bb187447ffff,8a4bb1874457fff,8b4bb1874450fff,884bb18745fffff,894bb187447ffff,8a4bb1874457fff,8b4bb1874450fff,高鐵,南下,5G,YoutubeLive,149,149,293+700.0,293+700.0,臺南市,行動南區營運處,台南營運中心
2026/01/27,22,112,lag_event,2026/1/27 11:50:40,2026/1/27 10:16:23,2026/1/27 11:50:27,2026/1/27 11:50:40,13795,,2026/1/27 11:50:40,2026/1/27 11:50:40,buffering,20258537,40469826,2.02E+10,20258536.72,40469826.48,20211289767,lastGeo,23.08609,120.2869,23.08609,120.2869,,12.348,KyT4qSK8lJo,https://www.youtube.com/live/KyT4qSK8lJo?si=GudVcyxFxRcNfcqd,5000,4500,1500,3000,15000,2000,1500,7000,lagMode=buffering; reason=buffering_to_playing; gpsType=lastGeo,884bb18763fffff,894bb18763bffff,8a4bb187638ffff,8b4bb187638bfff,884bb18763fffff,894bb18763bffff,8a4bb187638ffff,8b4bb187638bfff,高鐵,南下,5G,YoutubeLive,150,150,295+400.0,295+400.0,臺南市,行動南區營運處,台南營運中心
2026/01/27,23,117,lag_event,2026/1/27 11:50:56,2026/1/27 10:16:23,2026/1/27 11:50:49,2026/1/27 11:50:56,6896,,2026/1/27 11:50:56,2026/1/27 11:50:56,buffering,20258537,40469826,2.02E+10,20258536.72,40469826.48,20211289767,lastGeo,23.07456,120.2874,23.07456,120.2874,,9.935,KyT4qSK8lJo,https://www.youtube.com/live/KyT4qSK8lJo?si=GudVcyxFxRcNfcqd,5000,4500,1500,3000,15000,2000,1500,7000,lagMode=buffering; reason=buffering_to_playing; gpsType=lastGeo; e2e=8959ms; e2eTime=2026-01-30T14:09:58.457+08:00; e9eReason=post_catchup_resume,884bb1872dfffff,894bb1872c3ffff,8a4bb1872c2ffff,8b4bb1872c28fff,884bb1872dfffff,894bb1872c3ffff,8a4bb1872c2ffff,8b4bb1872c28fff,高鐵,南下,5G,YoutubeLive,150,150,296+700.0,296+700.0,臺南市,行動南區營運處,台南營運中心
2026/01/27,24,122,lag_event,2026/1/27 11:55:26,2026/1/27 10:16:23,2026/1/27 11:55:18,2026/1/27 11:55:26,7704,,2026/1/27 11:55:26,2026/1/27 11:55:26,buffering,20258537,40469826,2.02E+10,20258536.72,40469826.48,20211289767,lastGeo,22.88966,120.3039,22.88966,120.3039,,9.935,KyT4qSK8lJo,https://www.youtube.com/live/KyT4qSK8lJo?si=GudVcyxFxRcNfcqd,5000,4500,1500,3000,15000,2000,1500,7000,lagMode=buffering; reason=buffering_to_playing; gpsType=lastGeo; e2e=16811ms; e2eTime=2026-01-30T14:10:49.643+08:00; e9eReason=post_catchup_resume,884bb18de5fffff,894bb18de57ffff,8a4bb18de557fff,8b4bb18de554fff,884bb18de5fffff,894bb18de57ffff,8a4bb18de557fff,8b4bb18de554fff,高鐵,南下,5G,YoutubeLive,161,161,318+200.0,318+200.0,高雄市,行動南區營運處,鳳山/高雄營運中心
2026/01/27,25,,lag_event,2026/01/27 10:46:20,2026/01/27 10:16:35,2026/01/27 10:46:11,2026/01/27 10:46:20,9024,,2026/01/27 10:46:20,2026/01/27 10:46:20,,,,,,,,,25.04837,121.3236,25.04837,121.3236,,8.156,,https://www.youtube.com/live/KyT4qSK9lJo?si=GudVcyxFxRcNfcqd,5000,4500,1500,3000,15000,2000,1500,7000,lagMode=buffering; reason=buffering_to_playing; gpsType=lastGeo; e2e=16811ms; e2eTime=2026-01-30T14:10:49.643+08:00; e10eReason=post_catchup_resume,884bb18de6fffff,894bb18de58ffff,8a4bb18de558fff,8b4bb18de555fff,884bb18de6fffff,894bb18de58ffff,8a4bb18de558fff,8b4bb18de555fff,高鐵,南下,4G,YoutubeLive,17,17,29+100.0,29+100.0,桃園市,行動北區營運處,桃園營運中心
2026/01/27,26,,lag_event,2026/01/27 10:46:37,2026/01/27 10:16:35,2026/01/27 10:46:31,2026/01/27 10:46:37,6108,,2026/01/27 10:46:37,2026/01/27 10:46:37,,,,,,,,,25.05399,121.3133,25.05399,121.3133,,9.451,,https://www.youtube.com/live/KyT4qSK10lJo?si=GudVcyxFxRcNfcqd,5000,4500,1500,3000,15000,2000,1500,7000,lagMode=buffering; reason=buffering_to_playing; gpsType=lastGeo; e2e=16811ms; e2eTime=2026-01-30T14:10:49.643+08:00; e11eReason=post_catchup_resume,884bb18de7fffff,894bb18de59ffff,8a4bb18de559fff,8b4bb18de556fff,884bb18de7fffff,894bb18de59ffff,8a4bb18de559fff,8b4bb18de556fff,高鐵,南下,4G,YoutubeLive,17,17,30+300.0,30+300.0,桃園市,行動北區營運處,桃園營運中心
2026/01/27,27,,lag_event,2026/01/27 10:46:51,2026/01/27 10:16:35,2026/01/27 10:46:37,2026/01/27 10:46:51,13655,,2026/01/27 10:46:51,2026/01/27 10:46:51,,,,,,,,,25.05702,121.3052,25.05702,121.3052,,5.958,,https://www.youtube.com/live/KyT4qSK11lJo?si=GudVcyxFxRcNfcqd,5000,4500,1500,3000,15000,2000,1500,7000,lagMode=buffering; reason=buffering_to_playing; gpsType=lastGeo; e2e=16811ms; e2eTime=2026-01-30T14:10:49.643+08:00; e12eReason=post_catchup_resume,884bb18de8fffff,894bb18de60ffff,8a4bb18de560fff,8b4bb18de557fff,884bb18de8fffff,894bb18de60ffff,8a4bb18de560fff,8b4bb18de557fff,高鐵,南下,4G,YoutubeLive,18(桃園三號隧道)**,18(桃園三號隧道)**,31+200.0,31+200.0,桃園市,行動北區營運處,桃園營運中心
2026/01/27,28,,lag_event,2026/01/27 10:55:30,2026/01/27 10:16:35,2026/01/27 10:55:23,2026/01/27 10:55:30,7158,,2026/01/27 10:55:30,2026/01/27 10:55:30,,,,,,,,,24.8052,121.0394,24.8052,121.0394,,3.79,,https://www.youtube.com/live/KyT4qSK12lJo?si=GudVcyxFxRcNfcqd,5000,4500,1500,3000,15000,2000,1500,7000,lagMode=buffering; reason=buffering_to_playing; gpsType=lastGeo; e2e=16811ms; e2eTime=2026-01-30T14:10:49.643+08:00; e13eReason=post_catchup_resume,884bb18de9fffff,894bb18de61ffff,8a4bb18de561fff,8b4bb18de558fff,884bb18de9fffff,894bb18de61ffff,8a4bb18de561fff,8b4bb18de558fff,高鐵,南下,4G,YoutubeLive,38,38,72+500.0,72+500.0,新竹縣,行動北區營運處,新竹營運中心
2026/01/27,29,,lag_event,2026/01/27 10:57:17,2026/01/27 10:16:35,2026/01/27 10:57:05,2026/01/27 10:57:17,12485,,2026/01/27 10:57:17,2026/01/27 10:57:17,,,,,,,,,24.73992,121.0062,24.73992,121.0062,,4.13,,https://www.youtube.com/live/KyT4qSK13lJo?si=GudVcyxFxRcNfcqd,5000,4500,1500,3000,15000,2000,1500,7000,lagMode=buffering; reason=buffering_to_playing; gpsType=lastGeo; e2e=16811ms; e2eTime=2026-01-30T14:10:49.643+08:00; e14eReason=post_catchup_resume,884ba011c7fffff,894bb18de62ffff,8a4bb18de562fff,8b4bb18de559fff,884ba011c7fffff,894bb18de62ffff,8a4bb18de562fff,8b4bb18de559fff,高鐵,南下,4G,YoutubeLive,42(寶山一號隧道)**,42(寶山一號隧道)**,80+800.0,80+800.0,新竹縣,行動北區營運處,新竹營運中心
2026/01/27,30,,lag_event,2026/01/27 10:57:33,2026/01/27 10:16:35,2026/01/27 10:57:26,2026/01/27 10:57:33,7429,,2026/01/27 10:57:33,2026/01/27 10:57:33,,,,,,,,,24.734,120.9957,24.734,120.9957,,4.135,,https://www.youtube.com/live/KyT4qSK14lJo?si=GudVcyxFxRcNfcqd,5000,4500,1500,3000,15000,2000,1500,7000,lagMode=buffering; reason=buffering_to_playing; gpsType=lastGeo; e2e=16811ms; e2eTime=2026-01-30T14:10:49.643+08:00; e15eReason=post_catchup_resume,884ba011ebfffff,894bb18de63ffff,8a4bb18de563fff,8b4bb18de560fff,884ba011ebfffff,894bb18de63ffff,8a4bb18de563fff,8b4bb18de560fff,高鐵,南下,4G,YoutubeLive,43,43,82+000.0,82+000.0,新竹縣,行動北區營運處,新竹營運中心
2026/01/27,31,,lag_event,2026/01/27 10:58:20,2026/01/27 10:16:35,2026/01/27 10:58:12,2026/01/27 10:58:20,7698,,2026/01/27 10:58:20,2026/01/27 10:58:20,,,,,,,,,24.71604,120.9639,24.71604,120.9639,,4.005,,https://www.youtube.com/live/KyT4qSK15lJo?si=GudVcyxFxRcNfcqd,5000,4500,1500,3000,15000,2000,1500,7000,lagMode=buffering; reason=buffering_to_playing; gpsType=lastGeo; e2e=16811ms; e2eTime=2026-01-30T14:10:49.643+08:00; e16eReason=post_catchup_resume,884ba01135fffff,894bb18de64ffff,8a4bb18de564fff,8b4bb18de561fff,884ba01135fffff,894bb18de64ffff,8a4bb18de564fff,8b4bb18de561fff,高鐵,南下,4G,YoutubeLive,45,45,85+800.0,85+800.0,新竹縣,行動北區營運處,新竹營運中心
2026/01/27,32,,lag_event,2026/01/27 10:59:14,2026/01/27 10:16:35,2026/01/27 10:59:01,2026/01/27 10:59:14,13270,,2026/01/27 10:59:14,2026/01/27 10:59:14,,,,,,,,,24.68875,120.9349,24.68875,120.9349,,3.79,,https://www.youtube.com/live/KyT4qSK16lJo?si=GudVcyxFxRcNfcqd,5000,4500,1500,3000,15000,2000,1500,7000,lagMode=buffering; reason=buffering_to_playing; gpsType=lastGeo; e2e=16811ms; e2eTime=2026-01-30T14:10:49.643+08:00; e17eReason=post_catchup_resume,884ba01a15fffff,894bb18de65ffff,8a4bb18de565fff,8b4bb18de562fff,884ba01a15fffff,894bb18de65ffff,8a4bb18de565fff,8b4bb18de562fff,高鐵,南下,4G,YoutubeLive,47,47,90+100.0,90+100.0,苗栗縣,行動中區營運處,苗栗營運中心
2026/01/27,33,,lag_event,2026/01/27 10:59:21,2026/01/27 10:16:35,2026/01/27 10:59:14,2026/01/27 10:59:21,6727,,2026/01/27 10:59:21,2026/01/27 10:59:21,,,,,,,,,24.68452,120.9321,24.68452,120.9321,,3.79,,https://www.youtube.com/live/KyT4qSK17lJo?si=GudVcyxFxRcNfcqd,5000,4500,1500,3000,15000,2000,1500,7000,lagMode=buffering; reason=buffering_to_playing; gpsType=lastGeo; e2e=16811ms; e2eTime=2026-01-30T14:10:49.643+08:00; e18eReason=post_catchup_resume,884ba01a15fffff,894bb18de66ffff,8a4bb18de566fff,8b4bb18de563fff,884ba01a15fffff,894bb18de66ffff,8a4bb18de566fff,8b4bb18de563fff,高鐵,南下,4G,YoutubeLive,47,47,90+600.0,90+600.0,苗栗縣,行動中區營運處,苗栗營運中心
2026/01/27,34,,lag_event,2026/01/27 10:59:59,2026/01/27 10:16:35,2026/01/27 10:59:42,2026/01/27 10:59:59,16459,,2026/01/27 10:59:59,2026/01/27 10:59:59,,,,,,,,,24.66211,120.9173,24.66211,120.9173,,5.52,,https://www.youtube.com/live/KyT4qSK18lJo?si=GudVcyxFxRcNfcqd,5000,4500,1500,3000,15000,2000,1500,7000,lagMode=buffering; reason=buffering_to_playing; gpsType=lastGeo; e2e=16811ms; e2eTime=2026-01-30T14:10:49.643+08:00; e19eReason=post_catchup_resume,884ba01849fffff,894bb18de67ffff,8a4bb18de567fff,8b4bb18de564fff,884ba01849fffff,894bb18de67ffff,8a4bb18de567fff,8b4bb18de564fff,高鐵,南下,4G,YoutubeLive,49,49,93+500.0,93+500.0,苗栗縣,行動中區營運處,苗栗營運中心
2026/01/27,35,,lag_event,2026/01/27 11:00:08,2026/01/27 10:16:35,2026/01/27 11:00:02,2026/01/27 11:00:08,6092,,2026/01/27 11:00:08,2026/01/27 11:00:08,,,,,,,,,24.65737,120.9136,24.65737,120.9136,,3.883,,https://www.youtube.com/live/KyT4qSK19lJo?si=GudVcyxFxRcNfcqd,5000,4500,1500,3000,15000,2000,1500,7000,lagMode=buffering; reason=buffering_to_playing; gpsType=lastGeo; e2e=16811ms; e2eTime=2026-01-30T14:10:49.643+08:00; e20eReason=post_catchup_resume,884ba01a27fffff,894bb18de68ffff,8a4bb18de568fff,8b4bb18de565fff,884ba01a27fffff,894bb18de68ffff,8a4bb18de568fff,8b4bb18de565fff,高鐵,南下,4G,YoutubeLive,49(頭份二號隧道)**,49(頭份二號隧道)**,94+200.0,94+200.0,苗栗縣,行動中區營運處,苗栗營運中心
2026/01/27,36,,lag_event,2026/01/27 11:00:29,2026/01/27 10:16:35,2026/01/27 11:00:16,2026/01/27 11:00:29,13270,,2026/01/27 11:00:29,2026/01/27 11:00:29,,,,,,,,,24.65687,120.9132,24.65687,120.9132,,1300.248,,https://www.youtube.com/live/KyT4qSK20lJo?si=GudVcyxFxRcNfcqd,5000,4500,1500,3000,15000,2000,1500,7000,lagMode=buffering; reason=buffering_to_playing; gpsType=lastGeo; e2e=16811ms; e2eTime=2026-01-30T14:10:49.643+08:00; e21eReason=post_catchup_resume,884ba01a27fffff,894bb18de69ffff,8a4bb18de569fff,8b4bb18de566fff,884ba01a27fffff,894bb18de69ffff,8a4bb18de569fff,8b4bb18de566fff,高鐵,南下,4G,YoutubeLive,49(頭份二號隧道)**,49(頭份二號隧道)**,94+200.0,94+200.0,苗栗縣,行動中區營運處,苗栗營運中心
2026/01/27,37,,lag_event,2026/01/27 11:02:08,2026/01/27 10:16:35,2026/01/27 11:01:51,2026/01/27 11:02:08,17261,,2026/01/27 11:02:08,2026/01/27 11:02:08,,,,,,,,,24.61556,120.8487,24.61556,120.8487,,4.461,,https://www.youtube.com/live/KyT4qSK21lJo?si=GudVcyxFxRcNfcqd,5000,4500,1500,3000,15000,2000,1500,7000,lagMode=buffering; reason=buffering_to_playing; gpsType=lastGeo; e2e=16811ms; e2eTime=2026-01-30T14:10:49.643+08:00; e22eReason=post_catchup_resume,884ba0ccd1fffff,894bb18de70ffff,8a4bb18de570fff,8b4bb18de567fff,884ba0ccd1fffff,894bb18de70ffff,8a4bb18de570fff,8b4bb18de567fff,高鐵,南下,4G,YoutubeLive,53,53,102+300.0,102+300.0,苗栗縣,行動中區營運處,苗栗營運中心
2026/01/27,38,,lag_event,2026/01/27 11:02:19,2026/01/27 10:16:35,2026/01/27 11:02:08,2026/01/27 11:02:19,11435,,2026/01/27 11:02:19,2026/01/27 11:02:19,,,,,,,,,24.61276,120.8422,24.61276,120.8422,,3.79,,https://www.youtube.com/live/KyT4qSK22lJo?si=GudVcyxFxRcNfcqd,5000,4500,1500,3000,15000,2000,1500,7000,lagMode=buffering; reason=buffering_to_playing; gpsType=lastGeo; e2e=16811ms; e2eTime=2026-01-30T14:10:49.643+08:00; e23eReason=post_catchup_resume,884ba0ccddfffff,894bb18de71ffff,8a4bb18de571fff,8b4bb18de568fff,884ba0ccddfffff,894bb18de71ffff,8a4bb18de571fff,8b4bb18de568fff,高鐵,南下,4G,YoutubeLive,54,54,103+000.0,103+000.0,苗栗縣,行動中區營運處,苗栗營運中心
2026/01/27,39,,lag_event,2026/01/27 11:04:37,2026/01/27 10:16:35,2026/01/27 11:04:28,2026/01/27 11:04:37,8755,,2026/01/27 11:04:37,2026/01/27 11:04:37,,,,,,,,,24.57985,120.7828,24.57985,120.7828,,1553.659,,https://www.youtube.com/live/KyT4qSK23lJo?si=GudVcyxFxRcNfcqd,5000,4500,1500,3000,15000,2000,1500,7000,lagMode=buffering; reason=buffering_to_playing; gpsType=lastGeo; e2e=16811ms; e2eTime=2026-01-30T14:10:49.643+08:00; e24eReason=post_catchup_resume,884ba0cc23fffff,894bb18de72ffff,8a4bb18de572fff,8b4bb18de569fff,884ba0cc23fffff,894bb18de72ffff,8a4bb18de572fff,8b4bb18de569fff,高鐵,南下,4G,YoutubeLive,57(苗栗隧道)**,57(苗栗隧道)**,110+100.0,110+100.0,苗栗縣,行動中區營運處,苗栗營運中心
2026/01/27,40,,lag_event,2026/01/27 11:09:41,2026/01/27 10:16:35,2026/01/27 11:09:32,2026/01/27 11:09:41,8232,,2026/01/27 11:09:41,2026/01/27 11:09:41,,,,,,,,,24.39514,120.6877,24.39514,120.6877,,10.097,,https://www.youtube.com/live/KyT4qSK24lJo?si=GudVcyxFxRcNfcqd,5000,4500,1500,3000,15000,2000,1500,7000,lagMode=buffering; reason=buffering_to_playing; gpsType=lastGeo; e2e=16811ms; e2eTime=2026-01-30T14:10:49.643+08:00; e25eReason=post_catchup_resume,884ba0512bfffff,894bb18de73ffff,8a4bb18de573fff,8b4bb18de570fff,884ba0512bfffff,894bb18de73ffff,8a4bb18de573fff,8b4bb18de570fff,高鐵,南下,4G,YoutubeLive,69,69,133+100.0,133+100.0,苗栗縣,行動中區營運處,苗栗營運中心
2026/01/27,41,,lag_event,2026/01/27 11:27:24,2026/01/27 10:16:35,2026/01/27 11:27:06,2026/01/27 11:27:24,18320,,2026/01/27 11:27:24,2026/01/27 11:27:24,,,,,,,,,23.93644,120.6154,23.93644,120.6154,,5.698,,https://www.youtube.com/live/KyT4qSK25lJo?si=GudVcyxFxRcNfcqd,5000,4500,1500,3000,15000,2000,1500,7000,lagMode=buffering; reason=buffering_to_playing; gpsType=lastGeo; e2e=16811ms; e2eTime=2026-01-30T14:10:49.643+08:00; e26eReason=post_catchup_resume,884ba28f01fffff,894bb18de74ffff,8a4bb18de574fff,8b4bb18de571fff,884ba28f01fffff,894bb18de74ffff,8a4bb18de574fff,8b4bb18de571fff,高鐵,南下,4G,YoutubeLive,95,95,185+300.0,185+300.0,彰化縣,行動中區營運處,彰化營運中心
2026/01/27,42,,lag_event,2026/01/27 11:28:55,2026/01/27 10:16:35,2026/01/27 11:28:44,2026/01/27 11:28:55,11405,,2026/01/27 11:28:55,2026/01/27 11:28:55,,,,,,,,,23.8802,120.5849,23.8802,120.5849,,9.935,,https://www.youtube.com/live/KyT4qSK26lJo?si=GudVcyxFxRcNfcqd,5000,4500,1500,3000,15000,2000,1500,7000,lagMode=buffering; reason=buffering_to_playing; gpsType=lastGeo; e2e=16811ms; e2eTime=2026-01-30T14:10:49.643+08:00; e27eReason=post_catchup_resume,884ba288bdfffff,894bb18de75ffff,8a4bb18de575fff,8b4bb18de572fff,884ba288bdfffff,894bb18de75ffff,8a4bb18de575fff,8b4bb18de572fff,高鐵,南下,4G,YoutubeLive,98,98,192+700.0,192+700.0,彰化縣,行動中區營運處,彰化營運中心
2026/01/27,43,,lag_event,2026/01/27 11:31:45,2026/01/27 10:16:35,2026/01/27 11:31:36,2026/01/27 11:31:45,8493,,2026/01/27 11:31:45,2026/01/27 11:31:45,,,,,,,,,23.83318,120.4606,23.83318,120.4606,,9.935,,https://www.youtube.com/live/KyT4qSK27lJo?si=GudVcyxFxRcNfcqd,5000,4500,1500,3000,15000,2000,1500,7000,lagMode=buffering; reason=buffering_to_playing; gpsType=lastGeo; e2e=16811ms; e2eTime=2026-01-30T14:10:49.643+08:00; e28eReason=post_catchup_resume,884ba2c65bfffff,894bb18de76ffff,8a4bb18de576fff,8b4bb18de573fff,884ba2c65bfffff,894bb18de76ffff,8a4bb18de576fff,8b4bb18de573fff,高鐵,南下,4G,YoutubeLive,105,105,206+500.0,206+500.0,彰化縣,行動中區營運處,彰化營運中心
2026/01/27,44,,lag_event,2026/01/27 11:50:31,2026/01/27 10:16:35,2026/01/27 11:50:26,2026/01/27 11:50:31,5311,,2026/01/27 11:50:31,2026/01/27 11:50:31,,,,,,,,,23.09256,120.2865,23.09256,120.2865,,9.935,,https://www.youtube.com/live/KyT4qSK28lJo?si=GudVcyxFxRcNfcqd,5000,4500,1500,3000,15000,2000,1500,7000,lagMode=buffering; reason=buffering_to_playing; gpsType=lastGeo; e2e=16811ms; e2eTime=2026-01-30T14:10:49.643+08:00; e29eReason=post_catchup_resume,884bb1876bfffff,894bb18de77ffff,8a4bb18de577fff,8b4bb18de574fff,884bb1876bfffff,894bb18de77ffff,8a4bb18de577fff,8b4bb18de574fff,高鐵,南下,4G,YoutubeLive,149,149,294+700.0,294+700.0,臺南市,行動南區營運處,台南營運中心
2026/01/27,45,,lag_event,2026/01/27 11:51:34,2026/01/27 10:16:35,2026/01/27 11:51:20,2026/01/27 11:51:34,13807,,2026/01/27 11:51:34,2026/01/27 11:51:34,,,,,,,,,23.04726,120.2885,23.04726,120.2885,,9.935,,https://www.youtube.com/live/KyT4qSK29lJo?si=GudVcyxFxRcNfcqd,5000,4500,1500,3000,15000,2000,1500,7000,lagMode=buffering; reason=buffering_to_playing; gpsType=lastGeo; e2e=16811ms; e2eTime=2026-01-30T14:10:49.643+08:00; e30eReason=post_catchup_resume,884bb18097fffff,894bb18de78ffff,8a4bb18de578fff,8b4bb18de575fff,884bb18097fffff,894bb18de78ffff,8a4bb18de578fff,8b4bb18de575fff,高鐵,南下,4G,YoutubeLive,152,152,299+700.0,299+700.0,臺南市,行動南區營運處,台南營運中心
2026/01/27,46,,lag_event,2026/01/27 11:53:21,2026/01/27 10:16:35,2026/01/27 11:53:14,2026/01/27 11:53:21,7163,,2026/01/27 11:53:21,2026/01/27 11:53:21,,,,,,,,,22.97306,120.2724,22.97306,120.2724,,12.93,,https://www.youtube.com/live/KyT4qSK30lJo?si=GudVcyxFxRcNfcqd,5000,4500,1500,3000,15000,2000,1500,7000,lagMode=buffering; reason=buffering_to_playing; gpsType=lastGeo; e2e=16811ms; e2eTime=2026-01-30T14:10:49.643+08:00; e31eReason=post_catchup_resume,884bb18e25fffff,894bb18de79ffff,8a4bb18de579fff,8b4bb18de576fff,884bb18e25fffff,894bb18de79ffff,8a4bb18de579fff,8b4bb18de576fff,高鐵,南下,4G,YoutubeLive,156,156,308+200.0,308+200.0,臺南市,行動南區營運處,台南營運中心
2026/01/27,47,,lag_event,2026/01/27 11:56:07,2026/01/27 10:16:35,2026/01/27 11:55:43,2026/01/27 11:56:07,24163,,2026/01/27 11:56:07,2026/01/27 11:56:07,,,,,,,,,22.86053,120.3106,22.86053,120.3106,,9.935,,https://www.youtube.com/live/KyT4qSK31lJo?si=GudVcyxFxRcNfcqd,5000,4500,1500,3000,15000,2000,1500,7000,lagMode=buffering; reason=buffering_to_playing; gpsType=lastGeo; e2e=16811ms; e2eTime=2026-01-30T14:10:49.643+08:00; e32eReason=post_catchup_resume,884bb1129dfffff,894bb18de80ffff,8a4bb18de580fff,8b4bb18de577fff,884bb1129dfffff,894bb18de80ffff,8a4bb18de580fff,8b4bb18de577fff,高鐵,南下,4G,YoutubeLive,163,163,321+500.0,321+500.0,高雄市,行動南區營運處,鳳山/高雄營運中心
2026/01/27,48,,lag_event,2026/01/27 14:05:41,2026/01/27 13:53:59,2026/01/27 14:05:04,2026/01/27 14:05:41,37428,,2026/01/27 14:05:41,2026/01/27 14:05:41,,,,,,,,,22.96285,120.2721,22.96285,120.2721,,9.935,,https://www.youtube.com/live/KyT4qSK32lJo?si=GudVcyxFxRcNfcqd,5000,4500,1500,3000,15000,2000,1500,7000,lagMode=buffering; reason=buffering_to_playing; gpsType=lastGeo; e2e=16811ms; e2eTime=2026-01-30T14:10:49.643+08:00; e33eReason=post_catchup_resume,884bb18f19fffff,894bb18de81ffff,8a4bb18de581fff,8b4bb18de578fff,884bb18f19fffff,894bb18de81ffff,8a4bb18de581fff,8b4bb18de578fff,高鐵,北上,5G,YoutubeLive,157,157,309+400.0,309+400.0,臺南市,行動南區營運處,台南營運中心
2026/01/27,49,,lag_event,2026/01/27 14:11:09,2026/01/27 13:53:59,2026/01/27 14:11:04,2026/01/27 14:11:09,5298,,2026/01/27 14:11:09,2026/01/27 14:11:09,,,,,,,,,23.19348,120.2954,23.19348,120.2954,,9.935,,https://www.youtube.com/live/KyT4qSK33lJo?si=GudVcyxFxRcNfcqd,5000,4500,1500,3000,15000,2000,1500,7000,lagMode=buffering; reason=buffering_to_playing; gpsType=lastGeo; e2e=16811ms; e2eTime=2026-01-30T14:10:49.643+08:00; e34eReason=post_catchup_resume,884bb194c5fffff,894bb18de82ffff,8a4bb18de582fff,8b4bb18de579fff,884bb194c5fffff,894bb18de82ffff,8a4bb18de582fff,8b4bb18de579fff,高鐵,北上,5G,YoutubeLive,144,144,283+000.0,283+000.0,臺南市,行動南區營運處,台南營運中心
2026/01/27,50,,lag_event,2026/01/27 14:20:41,2026/01/27 13:53:59,2026/01/27 14:20:33,2026/01/27 14:20:41,7956,,2026/01/27 14:20:41,2026/01/27 14:20:41,,,,,,,,,23.59236,120.3334,23.59236,120.3334,,9.935,,https://www.youtube.com/live/KyT4qSK34lJo?si=GudVcyxFxRcNfcqd,5000,4500,1500,3000,15000,2000,1500,7000,lagMode=buffering; reason=buffering_to_playing; gpsType=lastGeo; e2e=16811ms; e2eTime=2026-01-30T14:10:49.643+08:00; e35eReason=post_catchup_resume,884ba2c8d3fffff,894bb18de83ffff,8a4bb18de583fff,8b4bb18de580fff,884ba2c8d3fffff,894bb18de83ffff,8a4bb18de583fff,8b4bb18de580fff,高鐵,北上,5G,YoutubeLive,120,120,236+800.0,236+800.0,雲林縣,行動中區營運處,雲林營運中心
2026/01/27,51,,lag_event,2026/01/27 14:31:51,2026/01/27 13:53:59,2026/01/27 14:31:43,2026/01/27 14:31:51,7997,,2026/01/27 14:31:51,2026/01/27 14:31:51,,,,,,,,,23.95629,120.6137,23.95629,120.6137,,12.893,,https://www.youtube.com/live/KyT4qSK35lJo?si=GudVcyxFxRcNfcqd,5000,4500,1500,3000,15000,2000,1500,7000,lagMode=buffering; reason=buffering_to_playing; gpsType=lastGeo; e2e=16811ms; e2eTime=2026-01-30T14:10:49.643+08:00; e36eReason=post_catchup_resume,884ba28f43fffff,894bb18de84ffff,8a4bb18de584fff,8b4bb18de581fff,884ba28f43fffff,894bb18de84ffff,8a4bb18de584fff,8b4bb18de581fff,高鐵,北上,5G,YoutubeLive,94(員林四號隧道)**,94(員林四號隧道)**,183+100.0,183+100.0,彰化縣,行動中區營運處,彰化營運中心
2026/01/27,52,,lag_event,2026/01/27 14:32:15,2026/01/27 13:53:59,2026/01/27 14:32:00,2026/01/27 14:32:15,14871,,2026/01/27 14:32:15,2026/01/27 14:32:15,,,,,,,,,23.97213,120.6125,23.97213,120.6125,,13.483,,https://www.youtube.com/live/KyT4qSK36lJo?si=GudVcyxFxRcNfcqd,5000,4500,1500,3000,15000,2000,1500,7000,lagMode=buffering; reason=buffering_to_playing; gpsType=lastGeo; e2e=16811ms; e2eTime=2026-01-30T14:10:49.643+08:00; e37eReason=post_catchup_resume,884ba281b1fffff,894bb18de85ffff,8a4bb18de585fff,8b4bb18de582fff,884ba281b1fffff,894bb18de85ffff,8a4bb18de585fff,8b4bb18de582fff,高鐵,北上,5G,YoutubeLive,93,93,181+400.0,181+400.0,彰化縣,行動中區營運處,彰化營運中心
2026/01/27,53,,lag_event,2026/01/27 14:42:47,2026/01/27 13:53:59,2026/01/27 14:42:41,2026/01/27 14:42:47,6624,,2026/01/27 14:42:47,2026/01/27 14:42:47,,,,,,,,,24.16738,120.6234,24.16738,120.6234,,9.935,,https://www.youtube.com/live/KyT4qSK37lJo?si=GudVcyxFxRcNfcqd,5000,4500,1500,3000,15000,2000,1500,7000,lagMode=buffering; reason=buffering_to_playing; gpsType=lastGeo; e2e=16811ms; e2eTime=2026-01-30T14:10:49.643+08:00; e38eReason=post_catchup_resume,884ba2942bfffff,894bb18de86ffff,8a4bb18de586fff,8b4bb18de583fff,884ba2942bfffff,894bb18de86ffff,8a4bb18de586fff,8b4bb18de583fff,高鐵,北上,5G,YoutubeLive,82,82,159+500.0,159+500.0,臺中市,行動中區營運處,豐原/台中營運中心
2026/01/27,54,,lag_event,2026/01/27 14:51:03,2026/01/27 13:53:59,2026/01/27 14:50:56,2026/01/27 14:51:03,6038,,2026/01/27 14:51:03,2026/01/27 14:51:03,,,,,,,,,24.46837,120.7058,24.46837,120.7058,,8.027,,https://www.youtube.com/live/KyT4qSK38lJo?si=GudVcyxFxRcNfcqd,5000,4500,1500,3000,15000,2000,1500,7000,lagMode=buffering; reason=buffering_to_playing; gpsType=lastGeo; e2e=16811ms; e2eTime=2026-01-30T14:10:49.643+08:00; e39eReason=post_catchup_resume,884ba0504dfffff,894bb18de87ffff,8a4bb18de587fff,8b4bb18de584fff,884ba0504dfffff,894bb18de87ffff,8a4bb18de587fff,8b4bb18de584fff,高鐵,北上,5G,YoutubeLive,64(通霄六號隧道)**,64(通霄六號隧道)**,124+800.0,124+800.0,苗栗縣,行動中區營運處,苗栗營運中心
2026/01/27,55,,lag_event,2026/01/27 14:52:10,2026/01/27 13:53:59,2026/01/27 14:52:05,2026/01/27 14:52:10,5030,,2026/01/27 14:52:10,2026/01/27 14:52:10,,,,,,,,,24.50537,120.7262,24.50537,120.7262,,4.514,,https://www.youtube.com/live/KyT4qSK39lJo?si=GudVcyxFxRcNfcqd,5000,4500,1500,3000,15000,2000,1500,7000,lagMode=buffering; reason=buffering_to_playing; gpsType=lastGeo; e2e=16811ms; e2eTime=2026-01-30T14:10:49.643+08:00; e40eReason=post_catchup_resume,884ba05215fffff,894bb18de88ffff,8a4bb18de588fff,8b4bb18de585fff,884ba05215fffff,894bb18de88ffff,8a4bb18de588fff,8b4bb18de585fff,高鐵,北上,5G,YoutubeLive,62,62,120+200.0,120+200.0,苗栗縣,行動中區營運處,苗栗營運中心
2026/01/27,56,,lag_event,2026/01/27 15:13:02,2026/01/27 13:53:59,2026/01/27 15:12:52,2026/01/27 15:13:02,10357,,2026/01/27 15:13:02,2026/01/27 15:13:02,,,,,,,,,25.05544,121.3097,25.05544,121.3097,,8.394,,https://www.youtube.com/live/KyT4qSK40lJo?si=GudVcyxFxRcNfcqd,5000,4500,1500,3000,15000,2000,1500,7000,lagMode=buffering; reason=buffering_to_playing; gpsType=lastGeo; e2e=16811ms; e2eTime=2026-01-30T14:10:49.643+08:00; e41eReason=post_catchup_resume,884ba0b193fffff,894bb18de89ffff,8a4bb18de589fff,8b4bb18de586fff,884ba0b193fffff,894bb18de89ffff,8a4bb18de589fff,8b4bb18de586fff,高鐵,北上,5G,YoutubeLive,17(桃園二乙隧道)**,17(桃園二乙隧道)**,30+700.0,30+700.0,桃園市,行動北區營運處,桃園營運中心
2026/01/27,57,,lag_event,2026/01/27 15:13:28,2026/01/27 13:53:59,2026/01/27 15:13:11,2026/01/27 15:13:28,16996,,2026/01/27 15:13:28,2026/01/27 15:13:28,,,,,,,,,25.04904,121.3224,25.04904,121.3224,,18.775,,https://www.youtube.com/live/KyT4qSK41lJo?si=GudVcyxFxRcNfcqd,5000,4500,1500,3000,15000,2000,1500,7000,lagMode=buffering; reason=buffering_to_playing; gpsType=lastGeo; e2e=16811ms; e2eTime=2026-01-30T14:10:49.643+08:00; e42eReason=post_catchup_resume,884ba0a26bfffff,894bb18de90ffff,8a4bb18de590fff,8b4bb18de587fff,884ba0a26bfffff,894bb18de90ffff,8a4bb18de590fff,8b4bb18de587fff,高鐵,北上,5G,YoutubeLive,17,17,29+300.0,29+300.0,桃園市,行動北區營運處,桃園營運中心
2026/01/27,58,,lag_event,2026/01/27 15:14:29,2026/01/27 13:53:59,2026/01/27 15:14:09,2026/01/27 15:14:29,20447,,2026/01/27 15:14:29,2026/01/27 15:14:29,,,,,,,,,25.04307,121.3332,25.04307,121.3332,,8.15,,https://www.youtube.com/live/KyT4qSK42lJo?si=GudVcyxFxRcNfcqd,5000,4500,1500,3000,15000,2000,1500,7000,lagMode=buffering; reason=buffering_to_playing; gpsType=lastGeo; e2e=16811ms; e2eTime=2026-01-30T14:10:49.643+08:00; e43eReason=post_catchup_resume,884ba0a205fffff,894bb18de91ffff,8a4bb18de591fff,8b4bb18de588fff,884ba0a205fffff,894bb18de91ffff,8a4bb18de591fff,8b4bb18de588fff,高鐵,北上,5G,YoutubeLive,16(林口隧道南口)**,16(林口隧道南口)**,28+000.0,28+000.0,桃園市,行動北區營運處,桃園營運中心
2026/01/27,59,,lag_event,2026/01/27 15:16:34,2026/01/27 13:53:59,2026/01/27 15:16:27,2026/01/27 15:16:34,7435,,2026/01/27 15:16:34,2026/01/27 15:16:34,,,,,,,,,25.01212,121.3883,25.01212,121.3883,,300,,https://www.youtube.com/live/KyT4qSK43lJo?si=GudVcyxFxRcNfcqd,5000,4500,1500,3000,15000,2000,1500,7000,lagMode=buffering; reason=buffering_to_playing; gpsType=lastGeo; e2e=16811ms; e2eTime=2026-01-30T14:10:49.643+08:00; e44eReason=post_catchup_resume,884ba0a01bfffff,894bb18de92ffff,8a4bb18de592fff,8b4bb18de589fff,884ba0a01bfffff,894bb18de92ffff,8a4bb18de592fff,8b4bb18de589fff,高鐵,北上,5G,YoutubeLive,13,13,21+400.0,21+400.0,桃園市,行動北區營運處,桃園營運中心
2026/01/27,60,,lag_event,2026/01/27 15:16:40,2026/01/27 13:53:59,2026/01/27 15:16:34,2026/01/27 15:16:40,5346,,2026/01/27 15:16:40,2026/01/27 15:16:40,,,,,,,,,25.01212,121.3883,25.01212,121.3883,,300,,https://www.youtube.com/live/KyT4qSK44lJo?si=GudVcyxFxRcNfcqd,5000,4500,1500,3000,15000,2000,1500,7000,lagMode=buffering; reason=buffering_to_playing; gpsType=lastGeo; e2e=16811ms; e2eTime=2026-01-30T14:10:49.643+08:00; e45eReason=post_catchup_resume,884ba0a01bfffff,894bb18de93ffff,8a4bb18de593fff,8b4bb18de590fff,884ba0a01bfffff,894bb18de93ffff,8a4bb18de593fff,8b4bb18de590fff,高鐵,北上,5G,YoutubeLive,13,13,21+400.0,21+400.0,桃園市,行動北區營運處,桃園營運中心
2026/01/27,61,,lag_event,2026/01/27 15:16:53,2026/01/27 13:53:59,2026/01/27 15:16:48,2026/01/27 15:16:53,5044,,2026/01/27 15:16:53,2026/01/27 15:16:53,,,,,,,,,25.01187,121.3894,25.01187,121.3894,,300,,https://www.youtube.com/live/KyT4qSK45lJo?si=GudVcyxFxRcNfcqd,5000,4500,1500,3000,15000,2000,1500,7000,lagMode=buffering; reason=buffering_to_playing; gpsType=lastGeo; e2e=16811ms; e2eTime=2026-01-30T14:10:49.643+08:00; e46eReason=post_catchup_resume,884ba0a01bfffff,894bb18de94ffff,8a4bb18de594fff,8b4bb18de591fff,884ba0a01bfffff,894bb18de94ffff,8a4bb18de594fff,8b4bb18de591fff,高鐵,北上,5G,YoutubeLive,13,13,21+300.0,21+300.0,桃園市,行動北區營運處,桃園營運中心
2026/01/27,62,,lag_event,2026/01/27 13:59:38,2026/01/27 13:51:39,2026/01/27 13:58:40,2026/01/27 13:59:38,57961,,2026/01/27 13:59:38,2026/01/27 13:59:38,,,,,,,,,22.73141,120.3589,22.73141,120.3589,,9.935,,https://www.youtube.com/live/KyT4qSK46lJo?si=GudVcyxFxRcNfcqd,5000,4500,1500,3000,15000,2000,1500,7000,lagMode=buffering; reason=buffering_to_playing; gpsType=lastGeo; e2e=16811ms; e2eTime=2026-01-30T14:10:49.643+08:00; e47eReason=post_catchup_resume,884bb10237fffff,894bb18de95ffff,8a4bb18de595fff,8b4bb18de592fff,884bb10237fffff,894bb18de95ffff,8a4bb18de595fff,8b4bb18de592fff,高鐵,北上,4G,YoutubeLive,170,170,336+700.0,336+700.0,高雄市,行動南區營運處,鳳山/高雄營運中心
2026/01/27,63,,lag_event,2026/01/27 14:42:47,2026/01/27 13:51:39,2026/01/27 14:42:40,2026/01/27 14:42:47,7163,,2026/01/27 14:42:47,2026/01/27 14:42:47,,,,,,,,,24.16738,120.6234,24.16738,120.6234,,10.967,,https://www.youtube.com/live/KyT4qSK47lJo?si=GudVcyxFxRcNfcqd,5000,4500,1500,3000,15000,2000,1500,7000,lagMode=buffering; reason=buffering_to_playing; gpsType=lastGeo; e2e=16811ms; e2eTime=2026-01-30T14:10:49.643+08:00; e48eReason=post_catchup_resume,884ba2942bfffff,894bb18de96ffff,8a4bb18de596fff,8b4bb18de593fff,884ba2942bfffff,894bb18de96ffff,8a4bb18de596fff,8b4bb18de593fff,高鐵,北上,4G,YoutubeLive,82,82,159+500.0,159+500.0,臺中市,行動中區營運處,豐原/台中營運中心
2026/01/27,64,,lag_event,2026/01/27 14:46:49,2026/01/27 13:51:39,2026/01/27 14:46:44,2026/01/27 14:46:49,5044,,2026/01/27 14:46:49,2026/01/27 14:46:49,,,,,,,,,24.30911,120.673,24.30911,120.673,,3.79,,https://www.youtube.com/live/KyT4qSK48lJo?si=GudVcyxFxRcNfcqd,5000,4500,1500,3000,15000,2000,1500,7000,lagMode=buffering; reason=buffering_to_playing; gpsType=lastGeo; e2e=16811ms; e2eTime=2026-01-30T14:10:49.643+08:00; e49eReason=post_catchup_resume,884ba05805fffff,894bb18de97ffff,8a4bb18de597fff,8b4bb18de594fff,884ba05805fffff,894bb18de97ffff,8a4bb18de597fff,8b4bb18de594fff,高鐵,北上,4G,YoutubeLive,73,73,142+700.0,142+700.0,臺中市,行動中區營運處,豐原/台中營運中心
2026/01/27,65,,lag_event,2026/01/27 15:01:17,2026/01/27 13:51:39,2026/01/27 15:01:11,2026/01/27 15:01:17,6358,,2026/01/27 15:01:17,2026/01/27 15:01:17,,,,,,,,,24.75135,121.0202,24.75135,121.0202,,3.79,,https://www.youtube.com/live/KyT4qSK49lJo?si=GudVcyxFxRcNfcqd,5000,4500,1500,3000,15000,2000,1500,7000,lagMode=buffering; reason=buffering_to_playing; gpsType=lastGeo; e2e=16811ms; e2eTime=2026-01-30T14:10:49.643+08:00; e50eReason=post_catchup_resume,884ba011d1fffff,894bb18de98ffff,8a4bb18de598fff,8b4bb18de595fff,884ba011d1fffff,894bb18de98ffff,8a4bb18de598fff,8b4bb18de595fff,高鐵,北上,4G,YoutubeLive,41,41,78+900.0,78+900.0,新竹縣,行動北區營運處,新竹營運中心
2026/01/27,66,,lag_event,2026/01/27 15:03:34,2026/01/27 13:51:39,2026/01/27 15:03:21,2026/01/27 15:03:34,12740,,2026/01/27 15:03:34,2026/01/27 15:03:34,,,,,,,,,24.83899,121.0481,24.83899,121.0481,,3.79,,https://www.youtube.com/live/KyT4qSK50lJo?si=GudVcyxFxRcNfcqd,5000,4500,1500,3000,15000,2000,1500,7000,lagMode=buffering; reason=buffering_to_playing; gpsType=lastGeo; e2e=16811ms; e2eTime=2026-01-30T14:10:49.643+08:00; e51eReason=post_catchup_resume,884ba01299fffff,894bb18de99ffff,8a4bb18de599fff,8b4bb18de596fff,884ba01299fffff,894bb18de99ffff,8a4bb18de599fff,8b4bb18de596fff,高鐵,北上,4G,YoutubeLive,36,36,68+700.0,68+700.0,新竹縣,行動北區營運處,新竹營運中心
2026/01/27,67,,lag_event,2026/01/27 15:35:09,2026/01/27 13:51:39,2026/01/27 15:34:47,2026/01/27 15:35:09,22297,,2026/01/27 15:35:09,2026/01/27 15:35:09,,,,,,,,,25.05333,121.6067,25.05333,121.6067,,899.999,,https://www.youtube.com/live/KyT4qSK51lJo?si=GudVcyxFxRcNfcqd,5000,4500,1500,3000,15000,2000,1500,7000,lagMode=buffering; reason=buffering_to_playing; gpsType=lastGeo; e2e=16811ms; e2eTime=2026-01-30T14:10:49.643+08:00; e52eReason=post_catchup_resume,884ba0a49bfffff,894ba0a49b7ffff,8a4bb18de600fff,8b4bb18de597fff,884ba0a49bfffff,894ba0a49b7ffff,8a4bb18de600fff,8b4bb18de597fff,高鐵,北上,4G,YoutubeLive,1( 高鐵南港站)*,1( 高鐵南港站)*,-3,-3,臺北市,行動北區營運處,台北營運中心
2026/01/27,67,,lag_event,2026/01/27 15:35:09,2026/01/27 13:51:39,2026/01/27 15:34:47,2026/01/27 15:35:09,22297,,2026/01/27 15:35:09,2026/01/27 15:35:09,,,,,,,,,25.05333,121.6067,25.05333,121.6067,,899.999,,https://www.youtube.com/live/KyT4qSK51lJo?si=GudVcyxFxRcNfcqd,5000,4500,1500,3000,15000,2000,1500,7000,lagMode=buffering; reason=buffering_to_playing; gpsType=lastGeo; e2e=16811ms; e2eTime=2026-01-30T14:10:49.643+08:00; e52eReason=post_catchup_resume,884ba0a49bfffff,894ba0a49b7ffff,8a4bb18de600fff,8b4bb18de597fff,884ba0a49bfffff,894ba0a49b7ffff,8a4bb18de600fff,8b4bb18de597fff,高鐵,北上,4G,VoLTEmos,1( 高鐵南港站)*,1( 高鐵南港站)*,-3,-3,臺北市,行動北區營運處,台北營運中心
